graph,nodes,infl20,time20,infl100,time100
CR,"815,2,153,220,56,110,187,87,14,43,161,514,290,112,97,115,413,262,155,78,19,50,435,36,271,442,206,79,257,62,60,67,379,28,189,227,251,474,370,515,82,502,248,29,344,300,277,480,114,695,41,214,236,225,245,332,378,88,63,531,696,152,336,138,108,405,24,95,494,315,592,37,52,204,414,301,396,86,166,345,316,190,291,174,293,452,11,530,159,715,39,690,242,438,35,296,221,313,425,404",4.7466301918029785,227.674,8.415923357009888,520.897
